{
  "project_info": {
    "project_number": "239475133230",
    "firebase_url": "https://bairrodb.firebaseio.com",
    "project_id": "bairrodb",
    "storage_bucket": "bairrodb.appspot.com"
  },
  "client": [
    {
      "client_info": {
        "mobilesdk_app_id": "1:239475133230:android:5c5b3fa25bf42457e108bf",
        "android_client_info": {
          "package_name": "etec.com.br"
        }
      },
      "oauth_client": [
        {
          "client_id": "239475133230-9dkpf6d8qjrsosaf65fqqifmlgbn5h6s.apps.googleusercontent.com",
          "client_type": 3
        }
      ],
      "api_key": [
        {
          "current_key": "AIzaSyAkz9ueOrBdxvWvmvsndEqiCIdz6gnhVSg"
        }
      ],
      "services": {
        "appinvite_service": {
          "other_platform_oauth_client": [
            {
              "client_id": "239475133230-9dkpf6d8qjrsosaf65fqqifmlgbn5h6s.apps.googleusercontent.com",
              "client_type": 3
            }
          ]
        }
      }
    }
  ],
  "configuration_version": "1"
}